沿線,駅,所在地_市区町村,間取り,専有面積(m^2),賃料,徒歩分数(分),件数,lon,lat,賃料（万円）
横浜みなとみらい線,みなとみらい駅,横浜市中区,1K,22.117027027027028,64054.05405405405,14.64864864864865,37.0,139.632386,35.458028,6.0
横浜みなとみらい線,みなとみらい駅,横浜市西区,1K,21.93701754385965,77929.82456140351,10.842105263157896,57.0,139.632386,35.458028,8.0
横浜みなとみらい線,元町・中華街駅,横浜市中区,1K,23.616466876971607,70055.20504731861,12.64804469273743,1268.0,139.650446,35.44243,7.0
横浜みなとみらい線,元町・中華街駅,横浜市南区,1K,19.71857142857143,50000.0,21.0,7.0,139.650446,35.44243,5.0
横浜みなとみらい線,新高島駅,横浜市神奈川区,1K,24.874000000000002,80000.0,13.6,5.0,139.626499,35.46192,8.0
横浜みなとみらい線,新高島駅,横浜市西区,1K,21.508214285714285,82250.0,9.285714285714286,28.0,139.626499,35.46192,8.0
横浜みなとみらい線,日本大通り駅,横浜市中区,1K,24.998258293838862,76895.73459715639,10.327790973871734,844.0,139.642608,35.446821,8.0
横浜みなとみらい線,日本大通り駅,横浜市南区,1K,21.3,60000.0,21.35,22.0,139.642608,35.446821,6.0
横浜みなとみらい線,馬車道駅,横浜市中区,1K,23.469922480620156,72945.73643410853,9.72279792746114,387.0,139.636175,35.450135,7.0
横浜みなとみらい線,馬車道駅,横浜市西区,1K,21.063,73100.0,17.4,10.0,139.636175,35.450135,7.0
グリーンライン,センター北駅,横浜市都筑区,1K,28.173594771241834,75751.63398692811,18.679738562091504,153.0,139.578386,35.553534,8.0
グリーンライン,センター南駅,横浜市都筑区,1K,27.597839506172843,70802.46913580247,17.64,162.0,139.574325,35.545863,7.0
JR横浜線,中山駅,横浜市緑区,1K,22.940818713450295,60692.98245614035,14.093333333333334,171.0,139.539692,35.514745,6.0
JR横浜線,中山駅,横浜市都筑区,1K,23.851428571428574,70000.0,27.0,14.0,139.539692,35.514745,7.0
グリーンライン,北山田駅,横浜市都筑区,1K,27.759277652370205,74875.84650112868,9.882618510158014,443.0,139.592258,35.561077,7.0
グリーンライン,川和町駅,横浜市緑区,1K,22.26282738095238,60866.07142857143,27.435736677115987,336.0,139.548745,35.52802,6.0
グリーンライン,川和町駅,横浜市都筑区,1K,24.19058823529412,66617.64705882352,13.817164179104477,272.0,139.548745,35.52802,7.0
グリーンライン,川和町駅,横浜市青葉区,1K,32.05391304347826,63478.260869565216,22.3,23.0,139.548745,35.52802,6.0
グリーンライン,日吉本町駅,横浜市港北区,1K,21.275189451348897,60400.121248863295,17.127730582524272,3299.0,139.633554,35.549883,6.0
グリーンライン,日吉本町駅,横浜市鶴見区,1K,24.4075,65000.0,30.75,4.0,139.633554,35.549883,6.0
グリーンライン,東山田駅,横浜市港北区,1K,24.171627118644068,64067.79661016949,19.224489795918366,295.0,139.604369,35.554302,6.0
グリーンライン,東山田駅,横浜市都筑区,1K,25.435297805642634,69874.60815047022,13.92282958199357,319.0,139.604369,35.554302,7.0
グリーンライン,都筑ふれあいの丘駅,横浜市緑区,1K,20.57,58714.28571428572,27.666666666666668,7.0,139.561359,35.536583,6.0
グリーンライン,都筑ふれあいの丘駅,横浜市都筑区,1K,26.767916666666668,67410.71428571429,13.9472049689441,336.0,139.561359,35.536583,7.0
グリーンライン,都筑ふれあいの丘駅,横浜市青葉区,1K,20.646666666666665,50000.0,29.0,3.0,139.561359,35.536583,5.0
グリーンライン,高田駅,横浜市港北区,1K,21.91433436532508,59783.28173374613,13.393808049535604,1615.0,139.619944,35.549713,6.0
グリーンライン,高田駅,横浜市都筑区,1K,23.049302325581394,67209.30232558139,23.27906976744186,43.0,139.619944,35.549713,7.0
金沢シーサイドライン,並木中央駅,横浜市金沢区,1K,21.29689655172414,53103.44827586207,24.051724137931036,58.0,139.642945,35.365505,5.0
金沢シーサイドライン,並木北駅,横浜市金沢区,1K,20.376060606060605,46969.69696969697,19.848484848484848,33.0,139.642743,35.372015,5.0
金沢シーサイドライン,八景島駅,横浜市金沢区,1K,21.543,61333.333333333336,13.166666666666666,30.0,139.64079,35.340914,6.0
金沢シーサイドライン,南部市場駅,横浜市磯子区,1K,21.606363636363636,58181.818181818184,20.210526315789473,77.0,139.633163,35.380192,6.0
金沢シーサイドライン,南部市場駅,横浜市金沢区,1K,20.288800000000002,51466.666666666664,21.16,75.0,139.633163,35.380192,5.0
金沢シーサイドライン,市大医学部駅,横浜市金沢区,1K,26.724,58000.0,14.6,5.0,139.650156,35.343966,6.0
金沢シーサイドライン,幸浦駅,横浜市金沢区,1K,21.365454545454547,46363.63636363636,23.363636363636363,11.0,139.643706,35.358406,5.0
JR根岸線,新杉田駅,横浜市磯子区,1K,21.05903743315508,57807.48663101604,15.101604278074866,187.0,139.619483,35.386863,6.0
JR根岸線,新杉田駅,横浜市金沢区,1K,18.049999999999997,50000.0,14.333333333333334,3.0,139.619483,35.386863,5.0
金沢シーサイドライン,海の公園南口駅,横浜市金沢区,1K,20.48430641821946,56418.21946169772,14.604989604989605,483.0,139.632096,35.337225,6.0
金沢シーサイドライン,海の公園柴口駅,横浜市金沢区,1K,19.980776255707763,57077.625570776254,14.93607305936073,219.0,139.635846,35.342086,6.0
金沢シーサイドライン,福浦駅,横浜市金沢区,1K,19.627142857142854,47142.857142857145,17.571428571428573,7.0,139.648517,35.349627,5.0
金沢シーサイドライン,野島公園駅,横浜市金沢区,1K,20.689492753623192,56376.811594202896,11.748792270531402,414.0,139.631524,35.330559,6.0
京浜急行本線,金沢八景駅,横浜市金沢区,1K,21.30370909090909,56763.63636363636,15.654411764705882,550.0,139.62018,35.331223,6.0
金沢シーサイドライン,鳥浜駅,横浜市磯子区,1K,30.47,70000.0,18.0,2.0,139.641704,35.377187,7.0
金沢シーサイドライン,鳥浜駅,横浜市金沢区,1K,24.003111111111114,55111.11111111111,17.533333333333335,45.0,139.641704,35.377187,6.0
東急田園都市線,あざみ野駅,横浜市都筑区,1K,24.953333333333333,63333.333333333336,21.666666666666668,3.0,139.553462,35.568645,6.0
東急田園都市線,あざみ野駅,横浜市青葉区,1K,25.240181818181817,63381.818181818184,17.548148148148147,275.0,139.553462,35.568645,6.0
グリーンライン,センター北駅,横浜市都筑区,1K,27.758102409638557,72078.31325301205,18.763803680981596,332.0,139.578386,35.553534,7.0
グリーンライン,センター南駅,横浜市緑区,1K,21.437142857142856,55857.142857142855,59.0,14.0,139.574325,35.545863,6.0
グリーンライン,センター南駅,横浜市都筑区,1K,26.75632075471698,69221.69811320755,15.782122905027933,424.0,139.574325,35.545863,7.0
横浜市ブルーライン,三ツ沢上町駅,横浜市神奈川区,1K,22.4234194214876,61570.2479338843,14.50413223140496,968.0,139.605395,35.476526,6.0
横浜市ブルーライン,三ツ沢上町駅,横浜市西区,1K,20.485,68625.0,13.75,8.0,139.605395,35.476526,7.0
横浜市ブルーライン,三ツ沢下町駅,横浜市神奈川区,1K,21.32749246987952,56694.27710843374,10.466114457831326,1328.0,139.61481,35.476512,6.0
横浜市ブルーライン,三ツ沢下町駅,横浜市西区,1K,24.054375,74937.5,20.3125,16.0,139.61481,35.476512,7.0
京浜急行本線,上大岡駅,横浜市南区,1K,20.911170731707315,53951.21951219512,13.772277227722773,205.0,139.596552,35.409418,5.0
京浜急行本線,上大岡駅,横浜市港南区,1K,21.25475548060708,58600.33726812816,11.44883303411131,593.0,139.596552,35.409418,6.0
京浜急行本線,上大岡駅,横浜市磯子区,1K,20.7715,57750.0,19.65625,40.0,139.596552,35.409418,6.0
横浜市ブルーライン,上永谷駅,横浜市南区,1K,20.362222222222226,50000.0,29.555555555555557,9.0,139.572713,35.401391,5.0
横浜市ブルーライン,上永谷駅,横浜市戸塚区,1K,19.207321428571426,56607.142857142855,48.0,56.0,139.572713,35.401391,6.0
横浜市ブルーライン,上永谷駅,横浜市栄区,1K,30.39,60000.0,56.0,9.0,139.572713,35.401391,6.0
横浜市ブルーライン,上永谷駅,横浜市港南区,1K,21.348415961305925,53325.27206771463,16.787261146496814,827.0,139.572713,35.401391,5.0
横浜市ブルーライン,下永谷駅,横浜市戸塚区,1K,22.630412147505425,57613.882863340565,33.042889390519186,461.0,139.559389,35.402677,6.0
横浜市ブルーライン,下永谷駅,横浜市港南区,1K,21.488106796116504,52961.16504854369,16.844660194174757,206.0,139.559389,35.402677,5.0
横浜市ブルーライン,下飯田駅,横浜市戸塚区,1K,22.409180327868853,52459.016393442624,27.37704918032787,61.0,139.483195,35.403503,5.0
横浜市ブルーライン,下飯田駅,横浜市泉区,1K,20.020038513819667,73236.97326687812,7.66425011327594,4414.0,139.483195,35.403503,7.0
横浜市ブルーライン,中川駅,横浜市都筑区,1K,25.36221052631579,66947.36842105263,12.442105263157895,95.0,139.569846,35.562973,7.0
横浜市ブルーライン,中川駅,横浜市青葉区,1K,20.45294117647059,50452.4886877828,16.60633484162896,221.0,139.569846,35.562973,5.0
横浜市ブルーライン,中田駅,横浜市戸塚区,1K,21.680943396226414,49905.660377358494,21.87192118226601,424.0,139.511301,35.411161,5.0
横浜市ブルーライン,中田駅,横浜市泉区,1K,21.655171606864275,66043.68174726989,15.111668338348379,8974.0,139.511301,35.411161,7.0
横浜市ブルーライン,仲町台駅,横浜市港北区,1K,27.59142857142857,58571.42857142857,22.75,7.0,139.589715,35.535258,6.0
横浜市ブルーライン,仲町台駅,横浜市緑区,1K,21.448571428571427,50428.57142857143,48.5,7.0,139.589715,35.535258,5.0
横浜市ブルーライン,仲町台駅,横浜市都筑区,1K,24.735233644859814,67040.4984423676,10.751020408163265,321.0,139.589715,35.535258,7.0
横浜市ブルーライン,伊勢佐木長者町駅,横浜市中区,1K,22.867640984908657,70706.91024622717,7.0441703143653,2518.0,139.633176,35.441044,7.0
横浜市ブルーライン,伊勢佐木長者町駅,横浜市南区,1K,22.257104347826086,65778.26086956522,9.722608695652173,2300.0,139.633176,35.441044,7.0
横浜市ブルーライン,伊勢佐木長者町駅,横浜市西区,1K,20.40857142857143,68428.57142857143,10.785714285714286,14.0,139.633176,35.441044,7.0
横浜市ブルーライン,北新横浜駅,横浜市港北区,1K,23.487118644067795,68722.29465449805,19.759477124183007,767.0,139.612818,35.519271,7.0
横浜市ブルーライン,北新横浜駅,横浜市都筑区,1K,32.9,70000.0,28.333333333333332,12.0,139.612818,35.519271,7.0
横浜市ブルーライン,吉野町駅,横浜市中区,1K,23.91891089108911,66237.62376237624,8.504950495049505,101.0,139.618455,35.435489,7.0
横浜市ブルーライン,吉野町駅,横浜市南区,1K,22.862686796315252,65511.77072671443,6.87871033776868,3908.0,139.618455,35.435489,7.0
横浜市ブルーライン,吉野町駅,横浜市磯子区,1K,25.43274074074074,59037.03703703704,23.451612903225808,135.0,139.618455,35.435489,6.0
横浜市ブルーライン,吉野町駅,横浜市西区,1K,30.28,80000.0,20.0,2.0,139.618455,35.435489,8.0
横浜市ブルーライン,岸根公園駅,横浜市港北区,1K,23.820980392156862,68327.5663206459,15.93367935409458,1734.0,139.617065,35.496038,7.0
横浜市ブルーライン,岸根公園駅,横浜市神奈川区,1K,20.62151629072682,53734.335839599,14.409774436090226,798.0,139.617065,35.496038,5.0
京浜急行本線,弘明寺駅,横浜市南区,1K,20.102289015405223,51835.23107836571,9.142785065590314,5972.0,139.596791,35.42437,5.0
京浜急行本線,弘明寺駅,横浜市港南区,1K,22.069262295081966,59672.13114754098,22.098360655737704,122.0,139.596791,35.42437,6.0
京浜急行本線,弘明寺駅,横浜市磯子区,1K,20.502745098039217,50588.23529411765,20.5625,51.0,139.596791,35.42437,5.0
横浜市ブルーライン,戸塚駅,横浜市戸塚区,1K,22.727753036437246,61558.70445344129,15.0,494.0,139.534328,35.400818,6.0
横浜市ブルーライン,戸塚駅,横浜市栄区,1K,19.90962962962963,49444.444444444445,33.625,54.0,139.534328,35.400818,5.0
横浜市ブルーライン,新羽駅,横浜市港北区,1K,20.94380337636544,60516.38530287984,16.92680412371134,1007.0,139.612065,35.527701,6.0
横浜市ブルーライン,新羽駅,横浜市都筑区,1K,29.04485294117647,71029.41176470589,26.559322033898304,68.0,139.612065,35.527701,7.0
JR根岸線,桜木町駅,横浜市中区,1K,23.21174917491749,72772.27722772278,5.546666666666667,303.0,139.63088,35.451112,7.0
JR根岸線,桜木町駅,横浜市南区,1K,21.702857142857145,61428.57142857143,27.428571428571427,7.0,139.63088,35.451112,6.0
JR根岸線,桜木町駅,横浜市西区,1K,21.11111111111111,75351.85185185185,10.592592592592593,27.0,139.63088,35.451112,8.0
京浜急行本線,横浜駅,横浜市神奈川区,1K,25.240624999999998,85833.33333333333,10.583333333333334,48.0,139.623055,35.466066,9.0
京浜急行本線,横浜駅,横浜市西区,1K,21.6725,79933.33333333333,10.483333333333333,60.0,139.623055,35.466066,8.0
横浜市ブルーライン,港南中央駅,横浜市南区,1K,21.473417721518988,52278.48101265823,24.050632911392405,79.0,139.590958,35.401049,5.0
横浜市ブルーライン,港南中央駅,横浜市港南区,1K,21.06138083228247,54892.81210592686,14.240693196405648,1586.0,139.590958,35.401049,5.0
横浜市ブルーライン,港南中央駅,横浜市磯子区,1K,20.517321428571428,59642.857142857145,18.055555555555557,56.0,139.590958,35.401049,6.0
横浜市ブルーライン,片倉町駅,横浜市港北区,1K,21.889433962264153,58490.56603773585,18.99056603773585,106.0,139.606511,35.490205,6.0
横浜市ブルーライン,片倉町駅,横浜市神奈川区,1K,21.868614457831328,58029.259896729774,14.78191489361702,1162.0,139.606511,35.490205,6.0
横浜市ブルーライン,立場駅,横浜市戸塚区,1K,19.723541666666666,43020.833333333336,25.0,96.0,139.500177,35.414296,4.0
横浜市ブルーライン,立場駅,横浜市泉区,1K,23.426338918283363,67599.35332157555,13.765582355978461,13608.0,139.500177,35.414296,7.0
横浜市ブルーライン,舞岡駅,横浜市戸塚区,1K,21.85781634128706,53268.25741142444,27.4150521609538,1383.0,139.551509,35.402685,5.0
横浜市ブルーライン,舞岡駅,横浜市栄区,1K,17.54,49090.90909090909,40.81818181818182,11.0,139.551509,35.402685,5.0
横浜市ブルーライン,舞岡駅,横浜市港南区,1K,21.55901098901099,51538.46153846154,19.711111111111112,91.0,139.551509,35.402685,5.0
横浜市ブルーライン,蒔田駅,横浜市南区,1K,21.414886663152345,60574.59146020032,10.461254612546126,1897.0,139.610123,35.429935,6.0
横浜市ブルーライン,蒔田駅,横浜市磯子区,1K,21.91954128440367,55045.87155963303,24.0,109.0,139.610123,35.429935,6.0
横浜市ブルーライン,踊場駅,横浜市戸塚区,1K,21.480068493150686,52984.34442270059,18.414732593340062,1022.0,139.518058,35.405922,5.0
横浜市ブルーライン,踊場駅,横浜市栄区,1K,19.87,60000.0,54.0,1.0,139.518058,35.405922,6.0
横浜市ブルーライン,踊場駅,横浜市泉区,1K,16.416445629492234,50508.81057268722,12.231625318803617,4313.0,139.518058,35.405922,5.0
JR根岸線,関内駅,横浜市中区,1K,24.130970588235297,73705.88235294117,10.301492537313433,340.0,139.636984,35.443336,7.0
JR根岸線,関内駅,横浜市南区,1K,20.90142857142857,69464.28571428571,13.25,56.0,139.636984,35.443336,7.0
JR根岸線,関内駅,横浜市西区,1K,21.0,75833.33333333333,13.666666666666666,3.0,139.636984,35.443336,8.0
横浜市ブルーライン,阪東橋駅,横浜市中区,1K,23.211201657458563,66422.65193370165,6.096685082872928,724.0,139.624843,35.437434,7.0
横浜市ブルーライン,阪東橋駅,横浜市南区,1K,22.99730231629393,67310.303514377,7.279153354632588,5008.0,139.624843,35.437434,7.0
横浜市ブルーライン,阪東橋駅,横浜市磯子区,1K,24.38952380952381,61904.76190476191,28.35,21.0,139.624843,35.437434,6.0
横浜市ブルーライン,阪東橋駅,横浜市西区,1K,23.444230769230767,66500.0,11.076923076923077,26.0,139.624843,35.437434,7.0
横浜市ブルーライン,高島町駅,横浜市中区,1K,22.51,70000.0,14.0,1.0,139.623743,35.458575,7.0
横浜市ブルーライン,高島町駅,横浜市西区,1K,21.654671280276816,86902.53748558246,6.7854671280276815,867.0,139.623743,35.458575,9.0
京浜急行本線,上大岡駅,横浜市南区,1K,21.101742209631727,54390.934844192634,15.953313253012048,706.0,139.596552,35.409418,5.0
京浜急行本線,上大岡駅,横浜市戸塚区,1K,22.689583333333335,61388.88888888889,60.6,72.0,139.596552,35.409418,6.0
京浜急行本線,上大岡駅,横浜市港南区,1K,21.06330928764653,54616.77186654644,13.510516252390058,1109.0,139.596552,35.409418,5.0
京浜急行本線,上大岡駅,横浜市磯子区,1K,20.41469135802469,58148.148148148146,17.294117647058822,81.0,139.596552,35.409418,6.0
京浜急行本線,井土ヶ谷駅,横浜市南区,1K,21.582275449101797,57712.5748502994,11.989057750759878,1670.0,139.60061,35.433895,6.0
京浜急行本線,井土ヶ谷駅,横浜市戸塚区,1K,21.56,50000.0,45.0,3.0,139.60061,35.433895,5.0
京浜急行本線,京急富岡駅,横浜市磯子区,1K,19.43,50000.0,30.75,8.0,139.629772,35.366743,5.0
京浜急行本線,京急富岡駅,横浜市金沢区,1K,21.28886274509804,51411.76470588235,10.168627450980392,255.0,139.629772,35.366743,5.0
京浜急行本線,京急川崎駅,横浜市鶴見区,1K,25.14,65263.15789473684,23.523809523809526,38.0,139.700893,35.53285,7.0
京浜急行本線,京急新子安駅,横浜市神奈川区,1K,21.30441964285714,59687.5,8.37704918032787,672.0,139.655848,35.487242,6.0
京浜急行本線,京急新子安駅,横浜市鶴見区,1K,21.07143790849673,60980.39215686275,18.144736842105264,153.0,139.655848,35.487242,6.0
京浜急行本線,京急東神奈川駅,横浜市神奈川区,1K,23.0135875,70350.0,7.6575,800.0,139.634669,35.477412,7.0
京浜急行本線,京急鶴見駅,横浜市鶴見区,1K,22.23728763529026,65979.00951131519,11.572561185798001,3049.0,139.677743,35.507032,7.0
JR南武支線,八丁畷駅,横浜市鶴見区,1K,23.198504398826977,66304.9853372434,14.39882697947214,341.0,139.691446,35.52307,7.0
京浜急行本線,南太田駅,横浜市中区,1K,21.05,50000.0,12.0,1.0,139.613408,35.436923,5.0
京浜急行本線,南太田駅,横浜市南区,1K,22.627142857142857,64356.973193077705,10.44614860259032,2947.0,139.613408,35.436923,6.0
京浜急行本線,南太田駅,横浜市磯子区,1K,32.13857142857143,63571.42857142857,24.53846153846154,14.0,139.613408,35.436923,6.0
京浜急行本線,南太田駅,横浜市西区,1K,24.825454545454544,68181.81818181818,19.0,11.0,139.613408,35.436923,7.0
京浜急行本線,子安駅,横浜市神奈川区,1K,21.776402660217652,62829.50423216445,8.500604594921402,1654.0,139.644965,35.484556,6.0
京浜急行本線,屏風浦駅,横浜市中区,1K,21.75,60000.0,7.0,2.0,139.610387,35.394176,6.0
京浜急行本線,屏風浦駅,横浜市南区,1K,17.33,50000.0,37.0,3.0,139.610387,35.394176,5.0
京浜急行本線,屏風浦駅,横浜市港南区,1K,19.45288888888889,47111.11111111111,19.22905027932961,180.0,139.610387,35.394176,5.0
京浜急行本線,屏風浦駅,横浜市磯子区,1K,21.173188854489165,56873.06501547988,12.600418410041842,969.0,139.610387,35.394176,6.0
京浜急行本線,弘明寺駅,横浜市南区,1K,20.168889247659028,51587.01969648046,10.230807006056638,6194.0,139.596791,35.42437,5.0
京浜急行本線,弘明寺駅,横浜市戸塚区,1K,21.36809523809524,56666.666666666664,47.45454545454545,21.0,139.596791,35.42437,6.0
京浜急行本線,弘明寺駅,横浜市港南区,1K,21.10595744680851,60212.765957446805,21.138297872340427,94.0,139.596791,35.42437,6.0
京浜急行本線,弘明寺駅,横浜市磯子区,1K,20.177083333333332,37916.666666666664,19.17391304347826,24.0,139.596791,35.42437,4.0
京浜急行本線,戸部駅,横浜市西区,1K,22.28777900552486,78930.49723756906,9.18011049723757,905.0,139.61956,35.456631,8.0
京浜急行本線,日ノ出町駅,横浜市中区,1K,22.858852459016394,71882.76204669647,5.772478887232985,2013.0,139.626696,35.445524,7.0
京浜急行本線,日ノ出町駅,横浜市南区,1K,22.032307692307693,60769.230769230766,13.974358974358974,78.0,139.626696,35.445524,6.0
京浜急行本線,日ノ出町駅,横浜市西区,1K,21.298181818181817,68747.93388429753,9.256198347107437,121.0,139.626696,35.445524,7.0
京浜急行本線,杉田駅,横浜市港南区,1K,20.763809523809524,48571.42857142857,35.94736842105263,21.0,139.615734,35.383796,5.0
京浜急行本線,杉田駅,横浜市磯子区,1K,21.15986798679868,56864.68646864686,12.493392070484582,909.0,139.615734,35.383796,6.0
京浜急行本線,杉田駅,横浜市金沢区,1K,18.70529411764706,53823.529411764706,17.970588235294116,34.0,139.615734,35.383796,5.0
京浜急行本線,横浜駅,横浜市神奈川区,1K,26.654117647058825,92058.82352941176,9.764705882352942,34.0,139.623055,35.466066,9.0
京浜急行本線,横浜駅,横浜市西区,1K,24.250999999999998,85400.0,11.0,10.0,139.623055,35.466066,9.0
京浜急行本線,生麦駅,横浜市神奈川区,1K,20.066756756756757,47027.02702702703,17.06756756756757,74.0,139.6673,35.4956,5.0
京浜急行本線,生麦駅,横浜市鶴見区,1K,22.5893447905478,64597.207303974224,8.01826974744761,1862.0,139.6673,35.4956,6.0
京浜急行本線,神奈川新町駅,横浜市神奈川区,1K,21.645445859872613,63980.891719745225,8.759554140127388,628.0,139.640152,35.481559,6.0
京浜急行本線,神奈川駅,横浜市神奈川区,1K,23.350142984807864,76997.31903485255,7.185880250223414,1119.0,139.627364,35.471304,8.0
京浜急行本線,神奈川駅,横浜市西区,1K,22.848000000000003,74200.0,16.0,5.0,139.627364,35.471304,7.0
京浜急行本線,能見台駅,横浜市金沢区,1K,20.507521008403362,50462.184873949576,13.905982905982906,238.0,139.629233,35.360528,5.0
京浜急行本線,花月総持寺駅,横浜市鶴見区,1K,22.83444382955174,64975.09684560044,10.019933554817277,1807.0,139.672813,35.500358,6.0
京浜急行本線,追浜駅,横浜市金沢区,1K,20.186,47000.0,18.562857142857144,350.0,139.624905,35.315461,5.0
京浜急行本線,金沢八景駅,横浜市金沢区,1K,20.838656575212866,52630.08514664144,15.362763915547024,1057.0,139.62018,35.331223,5.0
京浜急行本線,金沢文庫駅,横浜市金沢区,1K,20.415249695493305,54202.19244823386,12.98443579766537,821.0,139.621606,35.342966,5.0
京浜急行本線,鶴見市場駅,横浜市鶴見区,1K,22.006782006920414,64885.813148788926,10.173943173943174,1445.0,139.68642,35.517594,6.0
京浜急行本線,黄金町駅,横浜市中区,1K,23.142084993359894,66254.98007968128,5.3598937583001325,753.0,139.62246,35.439694,7.0
京浜急行本線,黄金町駅,横浜市南区,1K,23.002091532168915,66239.22175547203,10.168914437320362,4523.0,139.62246,35.439694,7.0
京浜急行本線,黄金町駅,横浜市磯子区,1K,21.08,52500.0,36.0,4.0,139.62246,35.439694,5.0
京浜急行本線,黄金町駅,横浜市西区,1K,23.008055555555554,68958.33333333333,9.805555555555555,72.0,139.62246,35.439694,7.0
京浜急行逗子線,六浦駅,横浜市金沢区,1K,20.920572171651497,51352.40572171652,10.880052151238592,769.0,139.611532,35.32269,5.0
京浜急行逗子線,神武寺駅,横浜市金沢区,1K,20.28,50000.0,39.0,1.0,139.592947,35.306233,5.0
京浜急行本線,金沢八景駅,横浜市金沢区,1K,22.234550264550265,55079.36507936508,15.481283422459892,189.0,139.62018,35.331223,6.0
東急こどもの国線,こどもの国駅,横浜市青葉区,1K,21.981250000000003,54903.846153846156,16.633663366336634,104.0,139.486657,35.558035,5.0
東急こどもの国線,恩田駅,横浜市緑区,1K,24.05288888888889,62022.22222222222,22.772727272727273,45.0,139.492127,35.545535,6.0
東急こどもの国線,恩田駅,横浜市青葉区,1K,21.594186046511627,59379.84496124031,14.806201550387597,258.0,139.492127,35.545535,6.0
東急こどもの国線,長津田駅,横浜市緑区,1K,25.94409523809524,74257.14285714286,9.39047619047619,105.0,139.493548,35.53196,7.0
東急こどもの国線,長津田駅,横浜市青葉区,1K,22.27777777777778,63333.333333333336,15.38888888888889,18.0,139.493548,35.53196,6.0
東急東横線,元住吉駅,横浜市港北区,1K,20.64297076023392,59859.649122807015,20.417350527549825,855.0,139.654668,35.565698,6.0
東急東横線,反町駅,横浜市神奈川区,1K,22.55091842247434,66871.96110210697,11.36,1851.0,139.625337,35.47474,7.0
東急東横線,反町駅,横浜市西区,1K,22.27375,74250.0,18.125,8.0,139.625337,35.47474,7.0
東急東横線,大倉山駅,横浜市港北区,1K,21.05862015901513,61700.43600923313,12.339768339768339,3899.0,139.629808,35.52243,6.0
東急東横線,大倉山駅,横浜市鶴見区,1K,21.577777777777776,56250.0,28.656934306569344,144.0,139.629808,35.52243,6.0
東急東横線,妙蓮寺駅,横浜市港北区,1K,21.209175475687104,57519.37984496124,12.63706835799859,1419.0,139.633194,35.498779,6.0
東急東横線,妙蓮寺駅,横浜市神奈川区,1K,19.952851612903224,52916.12903225807,13.254193548387097,775.0,139.633194,35.498779,5.0
東急東横線,妙蓮寺駅,横浜市鶴見区,1K,20.24608695652174,50608.69565217391,26.88695652173913,115.0,139.633194,35.498779,5.0
東急東横線,東白楽駅,横浜市港北区,1K,20.210434782608694,58347.82608695652,16.283185840707965,115.0,139.629364,35.483523,6.0
東急東横線,東白楽駅,横浜市神奈川区,1K,20.953576500968367,56320.20658489348,11.179935275080906,1549.0,139.629364,35.483523,6.0
京浜急行本線,横浜駅,横浜市神奈川区,1K,25.565384615384612,80439.56043956045,11.851190476190476,182.0,139.623055,35.466066,8.0
京浜急行本線,横浜駅,横浜市西区,1K,22.482967032967032,77380.21978021978,11.593406593406593,91.0,139.623055,35.466066,8.0
相鉄・JR直通線,武蔵小杉駅,横浜市港北区,1K,21.979999999999997,61428.57142857143,33.714285714285715,7.0,139.663278,35.575965,6.0
東急東横線,白楽駅,横浜市港北区,1K,21.66155844155844,56607.142857142855,11.936688311688311,616.0,139.627875,35.489555,6.0
東急東横線,白楽駅,横浜市神奈川区,1K,20.478253215978334,52667.569397427214,11.271864406779661,1477.0,139.627875,35.489555,5.0
東急東横線,綱島駅,横浜市港北区,1K,21.43485990935311,60517.09929954677,15.435035552682612,4854.0,139.63491,35.536906,6.0
東急東横線,綱島駅,横浜市鶴見区,1K,25.555593667546173,64907.65171503958,20.98181818181818,379.0,139.63491,35.536906,6.0
JR横浜線,菊名駅,横浜市港北区,1K,21.51216563330381,60934.455270150575,12.09341637010676,2258.0,139.630147,35.509749,6.0
JR横浜線,菊名駅,横浜市神奈川区,1K,19.853766233766233,55064.93506493507,20.105263157894736,77.0,139.630147,35.509749,6.0
JR横浜線,菊名駅,横浜市鶴見区,1K,20.609592875318064,55674.30025445292,20.16176470588235,393.0,139.630147,35.509749,6.0
東急田園都市線,あざみ野駅,横浜市都筑区,1K,28.849999999999998,60000.0,25.666666666666668,3.0,139.553462,35.568645,6.0
東急田園都市線,あざみ野駅,横浜市青葉区,1K,23.422548476454295,58365.65096952909,15.492581602373887,361.0,139.553462,35.568645,6.0
東急田園都市線,たまプラーザ駅,横浜市青葉区,1K,23.741356877323422,58717.47211895911,13.523622047244094,538.0,139.558447,35.577427,6.0
東急田園都市線,つきみ野駅,横浜市瀬谷区,1K,20.0,40000.0,18.0,1.0,139.458651,35.510546,4.0
東急田園都市線,市が尾駅,横浜市都筑区,1K,23.392093023255814,60000.0,26.714285714285715,43.0,139.541496,35.551483,6.0
東急田園都市線,市が尾駅,横浜市青葉区,1K,25.51633613445378,61260.50420168067,16.066101694915254,595.0,139.541496,35.551483,6.0
東急田園都市線,江田駅,横浜市都筑区,1K,24.238611111111112,66388.88888888889,16.0,36.0,139.551518,35.558671,7.0
東急田園都市線,江田駅,横浜市青葉区,1K,23.26869017632242,58136.0201511335,15.98730964467005,397.0,139.551518,35.558671,6.0
東急田園都市線,田奈駅,横浜市緑区,1K,23.55015514809591,67313.82228490832,20.19688385269122,709.0,139.504855,35.536204,7.0
東急田園都市線,田奈駅,横浜市青葉区,1K,22.568026905829598,61614.34977578475,10.12442396313364,669.0,139.504855,35.536204,6.0
東急田園都市線,藤が丘駅,横浜市緑区,1K,24.74,58000.0,26.0,2.0,139.527655,35.543454,6.0
東急田園都市線,藤が丘駅,横浜市青葉区,1K,25.265827725437415,63014.804845222076,12.982479784366577,743.0,139.527655,35.543454,6.0
東急こどもの国線,長津田駅,横浜市緑区,1K,25.37089494163424,68114.7859922179,9.043032786885245,514.0,139.493548,35.53196,7.0
東急こどもの国線,長津田駅,横浜市青葉区,1K,22.669375000000002,55625.0,19.48148148148148,32.0,139.493548,35.53196,6.0
東急田園都市線,青葉台駅,横浜市緑区,1K,22.097154471544712,61463.41463414634,26.397590361445783,123.0,139.517376,35.542855,6.0
東急田園都市線,青葉台駅,横浜市青葉区,1K,23.722566735112935,61889.11704312115,14.591435185185185,974.0,139.517376,35.542855,6.0
東急田園都市線,鷺沼駅,横浜市都筑区,1K,32.53619047619048,82142.85714285714,22.0,42.0,139.573268,35.579762,8.0
東急田園都市線,鷺沼駅,横浜市青葉区,1K,23.721767676767676,59494.9494949495,22.56122448979592,198.0,139.573268,35.579762,6.0
東急東横線,元住吉駅,横浜市港北区,1K,20.207333333333334,64166.666666666664,21.433333333333334,180.0,139.654668,35.565698,6.0
湘南モノレール,大船駅,横浜市戸塚区,1K,21.9,50000.0,48.0,1.0,139.531367,35.352359,5.0
湘南モノレール,大船駅,横浜市栄区,1K,22.861666666666665,58333.333333333336,12.25,12.0,139.531367,35.352359,6.0
湘南モノレール,富士見町駅,横浜市戸塚区,1K,20.795555555555556,57777.77777777778,38.0,9.0,139.529277,35.345389,6.0
湘南モノレール,富士見町駅,横浜市栄区,1K,23.787499999999998,66987.17948717948,28.38768115942029,312.0,139.529277,35.345389,7.0
湘南モノレール,湘南町屋駅,横浜市戸塚区,1K,19.87,50000.0,47.0,2.0,139.522666,35.337832,5.0
湘南モノレール,湘南町屋駅,横浜市栄区,1K,19.8175,60000.0,36.0,12.0,139.522666,35.337832,6.0
湘南モノレール,大船駅,横浜市栄区,1K,26.053720930232558,79767.44186046511,8.976744186046512,43.0,139.531367,35.352359,8.0
JR湘南新宿ライン,戸塚駅,横浜市戸塚区,1K,19.8308,43400.0,16.928571428571427,50.0,139.534282,35.400432,4.0
JR湘南新宿ライン,新川崎駅,横浜市港北区,1K,22.693571428571428,60714.28571428572,24.317073170731707,42.0,139.671481,35.551784,6.0
JR湘南新宿ライン,東戸塚駅,横浜市戸塚区,1K,20.89886597938144,50412.37113402062,13.026666666666667,97.0,139.556794,35.430353,5.0
JR湘南新宿ライン,東戸塚駅,横浜市港南区,1K,20.525555555555556,54444.444444444445,20.0,9.0,139.556794,35.430353,5.0
京浜急行本線,横浜駅,横浜市神奈川区,1K,17.255384615384614,44615.38461538462,12.23076923076923,13.0,139.623055,35.466066,4.0
京浜急行本線,横浜駅,横浜市西区,1K,21.144,75200.0,9.0,5.0,139.623055,35.466066,8.0
湘南モノレール,大船駅,横浜市栄区,1K,25.380645161290325,80645.16129032258,7.967741935483871,31.0,139.531367,35.352359,8.0
JR湘南新宿ライン,戸塚駅,横浜市戸塚区,1K,21.97656862745098,45098.03921568627,20.658536585365855,102.0,139.534282,35.400432,5.0
京浜急行本線,横浜駅,横浜市神奈川区,1K,23.345,74285.71428571429,11.583333333333334,14.0,139.623055,35.466066,7.0
京浜急行本線,横浜駅,横浜市西区,1K,20.55,78000.0,9.0,1.0,139.623055,35.466066,8.0
相模鉄道いずみ野線,いずみ中央駅,横浜市泉区,1K,23.940726674641148,67823.48983253588,21.433640242533123,13376.0,139.48727,35.415385,7.0
相模鉄道いずみ野線,いずみ野駅,横浜市泉区,1K,18.37272990425295,51705.96749053663,6.271552684339497,4491.0,139.495135,35.429434,5.0
相模鉄道いずみ野線,いずみ野駅,横浜市瀬谷区,1K,20.170909090909092,43636.36363636364,29.0,11.0,139.495135,35.429434,4.0
相模鉄道いずみ野線,ゆめが丘駅,横浜市戸塚区,1K,19.858333333333334,46666.666666666664,29.77777777777778,12.0,139.482192,35.405436,5.0
相模鉄道いずみ野線,ゆめが丘駅,横浜市泉区,1K,20.03790495773361,73452.82156728352,7.67877541695225,4377.0,139.482192,35.405436,7.0
相鉄・JR直通線,二俣川駅,横浜市旭区,1K,20.928755020080324,50120.48192771084,17.244897959183675,249.0,139.532207,35.463335,5.0
相模鉄道いずみ野線,南万騎が原駅,横浜市戸塚区,1K,24.244492753623188,50434.782608695656,36.88235294117647,69.0,139.526344,35.452522,5.0
相模鉄道いずみ野線,南万騎が原駅,横浜市旭区,1K,21.707194388777555,52805.61122244489,19.727272727272727,499.0,139.526344,35.452522,5.0
相模鉄道いずみ野線,南万騎が原駅,横浜市泉区,1K,29.492676056338027,69450.7042253521,25.385714285714286,71.0,139.526344,35.452522,7.0
相模鉄道いずみ野線,南万騎が原駅,横浜市瀬谷区,1K,20.93,57647.05882352941,33.875,17.0,139.526344,35.452522,6.0
相模鉄道いずみ野線,弥生台駅,横浜市戸塚区,1K,22.313170731707316,54268.29268292683,39.96,82.0,139.506615,35.429932,5.0
相模鉄道いずみ野線,弥生台駅,横浜市泉区,1K,18.546071998177258,51751.196172248805,14.18982432124116,4389.0,139.506615,35.429932,5.0
相模鉄道いずみ野線,弥生台駅,横浜市瀬谷区,1K,19.87,50000.0,34.0,3.0,139.506615,35.429932,5.0
相模鉄道いずみ野線,緑園都市駅,横浜市戸塚区,1K,25.60094786729858,60995.260663507106,36.672,211.0,139.521841,35.439502,6.0
相模鉄道いずみ野線,緑園都市駅,横浜市旭区,1K,23.008076923076924,57692.307692307695,21.96153846153846,26.0,139.521841,35.439502,6.0
相模鉄道いずみ野線,緑園都市駅,横浜市泉区,1K,16.7963876146789,35973.16513761468,17.724770642201836,4360.0,139.521841,35.439502,4.0
相鉄・JR直通線,三ツ境駅,横浜市旭区,1K,21.06640127388535,51528.66242038216,14.659235668789808,314.0,139.502662,35.467779,5.0
相鉄・JR直通線,三ツ境駅,横浜市瀬谷区,1K,23.424361054766734,54117.64705882353,17.24716553287982,493.0,139.502662,35.467779,5.0
相模鉄道本線,上星川駅,横浜市旭区,1K,20.388333333333332,47500.0,30.7,24.0,139.580078,35.467694,5.0
相模鉄道本線,上星川駅,横浜市神奈川区,1K,24.33186274509804,46764.705882352944,17.607843137254903,102.0,139.580078,35.467694,5.0
相鉄・JR直通線,二俣川駅,横浜市旭区,1K,21.19157948717949,52461.53846153846,13.889014722536807,975.0,139.532207,35.463335,5.0
相鉄・JR直通線,二俣川駅,横浜市泉区,1K,20.0,39000.0,24.0,1.0,139.532207,35.463335,4.0
相鉄・JR直通線,二俣川駅,横浜市瀬谷区,1K,22.350000000000005,60000.0,29.2,6.0,139.532207,35.463335,6.0
相模鉄道本線,和田町駅,横浜市旭区,1K,20.944594594594594,49189.18918918919,37.0,37.0,139.586786,35.463597,5.0
相模鉄道本線,和田町駅,横浜市神奈川区,1K,24.408333333333335,48666.666666666664,22.233333333333334,30.0,139.586786,35.463597,5.0
相模鉄道本線,天王町駅,横浜市南区,1K,22.0,50000.0,23.0,3.0,139.602554,35.453984,5.0
相模鉄道本線,天王町駅,横浜市西区,1K,23.38279279279279,72140.09009009009,11.036036036036036,222.0,139.602554,35.453984,7.0
相模鉄道本線,平沼橋駅,横浜市西区,1K,22.404615384615386,86135.62753036438,8.167004048582996,988.0,139.616897,35.460355,9.0
相模鉄道本線,星川駅,横浜市神奈川区,1K,20.613636363636363,56363.63636363636,28.545454545454547,11.0,139.594816,35.458634,6.0
京浜急行本線,横浜駅,横浜市神奈川区,1K,28.05761904761905,101428.57142857143,9.0,21.0,139.623055,35.466066,10.0
京浜急行本線,横浜駅,横浜市西区,1K,22.904285714285717,75571.42857142857,13.714285714285714,7.0,139.623055,35.466066,8.0
相鉄・JR直通線,瀬谷駅,横浜市旭区,1K,19.20968253968254,43968.25396825397,30.642857142857142,63.0,139.482574,35.470412,4.0
相鉄・JR直通線,瀬谷駅,横浜市瀬谷区,1K,22.47078073089701,52009.96677740864,13.638059701492537,602.0,139.482574,35.470412,5.0
相模鉄道本線,西横浜駅,横浜市南区,1K,21.148333333333333,50000.0,22.916666666666668,12.0,139.608745,35.453437,5.0
相模鉄道本線,西横浜駅,横浜市西区,1K,22.628367816091956,72648.50574712643,7.703448275862069,435.0,139.608745,35.453437,7.0
湘南モノレール,大船駅,横浜市戸塚区,1K,20.814642857142857,48690.47619047619,52.02,168.0,139.531367,35.352359,5.0
湘南モノレール,大船駅,横浜市栄区,1K,24.801901234567904,67259.25925925926,16.4527027027027,405.0,139.531367,35.352359,7.0
JR根岸線,山手駅,横浜市中区,1K,21.420567375886524,55829.78723404255,12.52992700729927,705.0,139.646425,35.426891,6.0
JR根岸線,山手駅,横浜市南区,1K,18.186666666666667,46111.11111111111,18.88888888888889,18.0,139.646425,35.426891,5.0
JR根岸線,山手駅,横浜市磯子区,1K,22.051785714285717,61250.0,25.875,56.0,139.646425,35.426891,6.0
JR東海道本線,川崎駅,横浜市港北区,1K,24.78,60000.0,27.0,1.0,139.697485,35.531311,6.0
JR東海道本線,川崎駅,横浜市鶴見区,1K,31.912183411214958,69884.34579439252,21.806306306306308,8560.0,139.697485,35.531311,7.0
JR根岸線,新杉田駅,横浜市港南区,1K,15.74,20000.0,26.0,1.0,139.619483,35.386863,2.0
JR根岸線,新杉田駅,横浜市磯子区,1K,21.478541666666665,57517.36111111111,13.934027777777779,576.0,139.619483,35.386863,6.0
JR根岸線,新杉田駅,横浜市金沢区,1K,22.515238095238097,54761.90476190476,19.666666666666668,21.0,139.619483,35.386863,5.0
JR根岸線,本郷台駅,横浜市戸塚区,1K,21.82140127388535,40796.17834394905,33.99029126213592,314.0,139.550159,35.36787,4.0
JR根岸線,本郷台駅,横浜市栄区,1K,23.50853577371048,59950.08319467554,20.868852459016395,601.0,139.550159,35.36787,6.0
JR根岸線,本郷台駅,横浜市港南区,1K,23.66714285714286,61071.42857142857,34.9375,28.0,139.550159,35.36787,6.0
JR横浜線,東神奈川駅,横浜市港北区,1K,22.644545454545455,61818.181818181816,26.666666666666668,22.0,139.633466,35.47804,6.0
JR横浜線,東神奈川駅,横浜市神奈川区,1K,22.17374749498998,65784.90313961256,10.508722958827635,1497.0,139.633466,35.47804,7.0
JR根岸線,根岸駅,横浜市中区,1K,19.90065789473684,50657.89473684211,19.907894736842106,76.0,139.636034,35.415887,5.0
JR根岸線,根岸駅,横浜市南区,1K,21.265,35000.0,21.0,2.0,139.636034,35.415887,4.0
JR根岸線,根岸駅,横浜市磯子区,1K,22.3388654353562,57572.55936675462,13.079575596816976,379.0,139.636034,35.415887,6.0
JR根岸線,根岸駅,横浜市鶴見区,1K,16.9,40000.0,18.0,6.0,139.636034,35.415887,4.0
JR根岸線,桜木町駅,横浜市中区,1K,23.071255060728745,71956.81511470985,8.146853146853147,741.0,139.63088,35.451112,7.0
JR根岸線,桜木町駅,横浜市南区,1K,22.244705882352942,60522.875816993466,24.19672131147541,153.0,139.63088,35.451112,6.0
JR根岸線,桜木町駅,横浜市西区,1K,21.078273381294967,71284.1726618705,12.280575539568344,139.0,139.63088,35.451112,7.0
京浜急行本線,横浜駅,横浜市神奈川区,1K,23.40392097264438,70987.84194528876,13.429840142095914,658.0,139.623055,35.466066,7.0
京浜急行本線,横浜駅,横浜市西区,1K,22.443694915254238,79021.35593220338,10.671186440677966,295.0,139.623055,35.466066,8.0
JR根岸線,洋光台駅,横浜市栄区,1K,20.710333333333335,57666.666666666664,43.46666666666667,30.0,139.596852,35.378785,6.0
JR根岸線,洋光台駅,横浜市港南区,1K,22.299333333333333,53666.666666666664,22.34722222222222,90.0,139.596852,35.378785,5.0
JR根岸線,洋光台駅,横浜市磯子区,1K,21.129839572192516,52994.65240641711,13.591397849462366,187.0,139.596852,35.378785,5.0
JR根岸線,洋光台駅,横浜市金沢区,1K,20.4975,40000.0,47.5,4.0,139.596852,35.378785,4.0
JR根岸線,港南台駅,横浜市戸塚区,1K,26.03263157894737,51052.63157894737,38.0,19.0,139.576243,35.375183,5.0
JR根岸線,港南台駅,横浜市栄区,1K,21.87437185929648,52211.05527638191,26.715151515151515,199.0,139.576243,35.375183,5.0
JR根岸線,港南台駅,横浜市港南区,1K,22.762702702702704,57972.97297297297,12.895522388059701,74.0,139.576243,35.375183,6.0
JR根岸線,港南台駅,横浜市磯子区,1K,22.63051724137931,59310.34482758621,29.0,58.0,139.576243,35.375183,6.0
JR根岸線,石川町駅,横浜市中区,1K,23.272698295033358,68287.6204595997,11.772351615326821,1349.0,139.642934,35.438808,7.0
JR根岸線,石川町駅,横浜市南区,1K,22.191965317919074,57976.87861271676,15.046242774566474,173.0,139.642934,35.438808,6.0
JR根岸線,石川町駅,横浜市磯子区,1K,22.336521739130436,62608.69565217391,39.91304347826087,23.0,139.642934,35.438808,6.0
JR根岸線,磯子駅,横浜市南区,1K,20.990555555555556,49444.444444444445,24.75,18.0,139.617916,35.399881,5.0
JR根岸線,磯子駅,横浜市港南区,1K,19.477578124999997,53515.625,29.88034188034188,128.0,139.617916,35.399881,5.0
JR根岸線,磯子駅,横浜市磯子区,1K,21.00344322344322,55402.930402930404,15.386847195357834,546.0,139.617916,35.399881,6.0
JR根岸線,関内駅,横浜市中区,1K,23.39382598331347,72558.60150973381,9.231907237105158,2517.0,139.636984,35.443336,7.0
JR根岸線,関内駅,横浜市南区,1K,22.186362240982348,64558.71066768995,15.961479198767334,1303.0,139.636984,35.443336,6.0
JR根岸線,関内駅,横浜市西区,1K,24.038888888888888,77333.33333333333,18.88888888888889,18.0,139.636984,35.443336,8.0
JR南武支線,八丁畷駅,横浜市鶴見区,1K,22.442153614457833,67243.97590361445,14.310708898944194,664.0,139.691446,35.52307,7.0
JR南武支線,小田栄駅,横浜市鶴見区,1K,22.13444444444444,55555.555555555555,19.333333333333332,9.0,139.704944,35.5145,6.0
JR南武支線,尻手駅,横浜市鶴見区,1K,24.33654069767442,69408.91472868217,11.205128205128204,1032.0,139.684233,35.530939,7.0
JR南武支線,川崎新町駅,横浜市鶴見区,1K,22.571335616438358,65547.94520547945,14.585616438356164,292.0,139.699348,35.518234,7.0
湘南モノレール,大船駅,横浜市戸塚区,1K,21.446030042918455,47060.08583690987,65.26573426573427,466.0,139.531367,35.352359,5.0
湘南モノレール,大船駅,横浜市栄区,1K,23.426238410596028,60596.02649006622,16.831978319783197,755.0,139.531367,35.352359,6.0
湘南モノレール,大船駅,横浜市港南区,1K,22.748333333333335,56666.666666666664,49.0,6.0,139.531367,35.352359,6.0
京浜急行本線,横浜駅,横浜市中区,1K,21.64625,65000.0,32.0,8.0,139.623055,35.466066,6.0
京浜急行本線,横浜駅,横浜市南区,1K,24.25,66000.0,15.0,5.0,139.623055,35.466066,7.0
京浜急行本線,横浜駅,横浜市神奈川区,1K,24.11170157068063,76596.85863874346,12.14040561622465,764.0,139.623055,35.466066,8.0
京浜急行本線,横浜駅,横浜市西区,1K,22.158106936416186,92452.31213872832,9.738439306358382,692.0,139.623055,35.466066,9.0
江ノ島電鉄線,藤沢駅,横浜市戸塚区,1K,20.350325203252034,48373.9837398374,43.0,123.0,139.487293,35.337227,5.0
湘南モノレール,大船駅,横浜市戸塚区,1K,26.026666666666667,51666.666666666664,46.0,6.0,139.531367,35.352359,5.0
湘南モノレール,大船駅,横浜市栄区,1K,27.108,74000.0,13.48,75.0,139.531367,35.352359,7.0
JR根岸線,山手駅,横浜市中区,1K,21.666205533596838,58952.56916996047,14.064128256513026,506.0,139.646425,35.426891,6.0
JR根岸線,山手駅,横浜市南区,1K,16.18857142857143,38571.42857142857,16.285714285714285,7.0,139.646425,35.426891,4.0
JR根岸線,山手駅,横浜市磯子区,1K,20.886470588235294,52941.17647058824,30.11764705882353,17.0,139.646425,35.426891,5.0
JR根岸線,新杉田駅,横浜市磯子区,1K,21.48481981981982,61081.08108108108,13.063063063063064,222.0,139.619483,35.386863,6.0
JR根岸線,新杉田駅,横浜市金沢区,1K,19.427599999999998,61600.0,17.08,25.0,139.619483,35.386863,6.0
JR根岸線,本郷台駅,横浜市戸塚区,1K,23.182215909090907,44886.36363636364,28.865546218487395,176.0,139.550159,35.36787,4.0
JR根岸線,本郷台駅,横浜市栄区,1K,22.24651266766021,57406.85543964233,18.102523659305994,671.0,139.550159,35.36787,6.0
JR根岸線,本郷台駅,横浜市港南区,1K,19.993076923076924,50000.0,24.615384615384617,13.0,139.550159,35.36787,5.0
JR根岸線,根岸駅,横浜市中区,1K,19.895106382978724,49361.70212765958,16.605263157894736,47.0,139.636034,35.415887,5.0
JR根岸線,根岸駅,横浜市磯子区,1K,21.17639730639731,58888.88888888889,14.58904109589041,297.0,139.636034,35.415887,6.0
JR根岸線,桜木町駅,横浜市中区,1K,22.97222222222222,70123.45679012345,7.458646616541353,162.0,139.63088,35.451112,7.0
JR根岸線,桜木町駅,横浜市南区,1K,20.766,55000.0,19.6,10.0,139.63088,35.451112,6.0
JR根岸線,桜木町駅,横浜市西区,1K,22.731803278688528,71516.39344262295,12.032786885245901,61.0,139.63088,35.451112,7.0
京浜急行本線,横浜駅,横浜市神奈川区,1K,23.18142857142857,68571.42857142857,5.5,7.0,139.623055,35.466066,7.0
京浜急行本線,横浜駅,横浜市西区,1K,22.555,79142.85714285714,9.428571428571429,14.0,139.623055,35.466066,8.0
JR根岸線,洋光台駅,横浜市栄区,1K,21.73,60000.0,37.0,18.0,139.596852,35.378785,6.0
JR根岸線,洋光台駅,横浜市港南区,1K,24.659137931034483,55172.41379310345,22.675675675675677,58.0,139.596852,35.378785,6.0
JR根岸線,洋光台駅,横浜市磯子区,1K,20.31217171717172,55959.59595959596,12.868263473053892,198.0,139.596852,35.378785,6.0
JR根岸線,港南台駅,横浜市戸塚区,1K,18.24357142857143,30000.0,56.0,28.0,139.576243,35.375183,3.0
JR根岸線,港南台駅,横浜市栄区,1K,21.67457142857143,56071.42857142857,16.296296296296298,140.0,139.576243,35.375183,6.0
JR根岸線,港南台駅,横浜市港南区,1K,23.352528735632184,59080.45977011494,12.402298850574713,87.0,139.576243,35.375183,6.0
JR根岸線,港南台駅,横浜市磯子区,1K,21.843333333333334,65238.09523809524,27.095238095238095,21.0,139.576243,35.375183,7.0
JR根岸線,石川町駅,横浜市中区,1K,23.38644859813084,68469.6261682243,12.805917159763313,856.0,139.642934,35.438808,7.0
JR根岸線,石川町駅,横浜市南区,1K,23.300675675675677,62432.43243243243,15.216216216216216,74.0,139.642934,35.438808,6.0
JR根岸線,磯子駅,横浜市港南区,1K,17.22,45000.0,25.0,4.0,139.617916,35.399881,4.0
JR根岸線,磯子駅,横浜市磯子区,1K,20.77127118644068,58898.30508474576,16.280172413793103,236.0,139.617916,35.399881,6.0
JR根岸線,関内駅,横浜市中区,1K,24.047241379310346,73955.37525354969,9.408163265306122,493.0,139.636984,35.443336,7.0
JR根岸線,関内駅,横浜市南区,1K,21.269649122807017,60438.59649122807,14.964912280701755,114.0,139.636984,35.443336,6.0
JR横浜線,中山駅,横浜市緑区,1K,22.70316417910448,61409.701492537315,12.40746500777605,670.0,139.539692,35.514745,6.0
JR横浜線,中山駅,横浜市都筑区,1K,23.45741666666667,67833.33333333333,26.23404255319149,120.0,139.539692,35.514745,7.0
JR横浜線,十日市場駅,横浜市緑区,1K,22.256337078651686,59373.03370786517,11.54186046511628,445.0,139.51669,35.526254,6.0
JR横浜線,十日市場駅,横浜市青葉区,1K,22.25725806451613,55887.096774193546,15.575,124.0,139.51669,35.526254,6.0
JR横浜線,大口駅,横浜市港北区,1K,20.284183673469386,57959.183673469386,21.5625,98.0,139.646288,35.492375,6.0
JR横浜線,大口駅,横浜市神奈川区,1K,21.058379562043797,59192.21411192214,11.351022395326194,2055.0,139.646288,35.492375,6.0
JR横浜線,大口駅,横浜市鶴見区,1K,22.007751937984494,61240.31007751938,24.5234375,129.0,139.646288,35.492375,6.0
JR横浜線,小机駅,横浜市港北区,1K,24.818952380952382,71576.71957671958,14.595338983050848,1890.0,139.599787,35.508533,7.0
JR横浜線,小机駅,横浜市神奈川区,1K,20.43171875,56328.125,25.317460317460316,128.0,139.599787,35.508533,6.0
JR横浜線,小机駅,横浜市緑区,1K,20.313170731707316,52926.829268292684,31.12,41.0,139.599787,35.508533,5.0
JR横浜線,小机駅,横浜市都筑区,1K,23.217142857142857,67142.85714285714,40.0,7.0,139.599787,35.508533,7.0
JR横浜線,東神奈川駅,横浜市神奈川区,1K,21.43501529051988,61498.47094801223,10.472222222222221,327.0,139.633466,35.47804,6.0
JR横浜線,菊名駅,横浜市港北区,1K,22.075499664654593,62709.59087860496,14.205266711681297,1491.0,139.630147,35.509749,6.0
JR横浜線,菊名駅,横浜市神奈川区,1K,18.631346153846156,51923.07692307692,19.941747572815533,104.0,139.630147,35.509749,5.0
JR横浜線,菊名駅,横浜市鶴見区,1K,19.990287769784175,50287.76978417266,21.248,139.0,139.630147,35.509749,5.0
東急こどもの国線,長津田駅,横浜市緑区,1K,24.90429906542056,71624.83311081442,8.213709677419354,749.0,139.493548,35.53196,7.0
東急こどもの国線,長津田駅,横浜市青葉区,1K,21.924236311239195,62708.93371757925,16.23546511627907,347.0,139.493548,35.53196,6.0
JR横浜線,鴨居駅,横浜市旭区,1K,17.996666666666666,36666.666666666664,39.0,3.0,139.56707,35.510955,4.0
JR横浜線,鴨居駅,横浜市港北区,1K,21.2196,59400.0,29.52173913043478,50.0,139.56707,35.510955,6.0
JR横浜線,鴨居駅,横浜市神奈川区,1K,25.562268041237115,63092.78350515464,25.545454545454547,97.0,139.56707,35.510955,6.0
JR横浜線,鴨居駅,横浜市緑区,1K,21.113537414965986,61309.52380952381,20.51358024691358,441.0,139.56707,35.510955,6.0
JR横浜線,鴨居駅,横浜市都筑区,1K,26.206871165644174,66687.11656441719,12.26751592356688,163.0,139.56707,35.510955,7.0
JR横須賀線,北鎌倉駅,横浜市栄区,1K,26.346923076923076,60769.230769230766,45.5,13.0,139.545134,35.337198,6.0
湘南モノレール,大船駅,横浜市戸塚区,1K,19.90484536082474,38659.79381443299,56.666666666666664,97.0,139.531367,35.352359,4.0
湘南モノレール,大船駅,横浜市栄区,1K,24.244817073170733,65487.80487804878,14.431506849315069,164.0,139.531367,35.352359,7.0
JR横須賀線,戸塚駅,横浜市戸塚区,1K,21.48531914893617,52170.21276595745,14.21602787456446,470.0,139.534282,35.400432,5.0
JR横須賀線,戸塚駅,横浜市栄区,1K,18.673076923076923,34615.38461538462,44.0,13.0,139.534282,35.400432,3.0
JR横須賀線,新川崎駅,横浜市港北区,1K,22.448441064638782,58783.26996197719,22.41796875,263.0,139.671481,35.551784,6.0
JR横須賀線,新川崎駅,横浜市鶴見区,1K,26.886744186046514,74418.6046511628,25.246575342465754,86.0,139.671481,35.551784,7.0
JR横須賀線,東戸塚駅,横浜市南区,1K,19.17265306122449,47551.02040816326,37.333333333333336,49.0,139.556794,35.430353,5.0
JR横須賀線,東戸塚駅,横浜市戸塚区,1K,22.01162986330179,57549.94742376446,16.89203084832905,951.0,139.556794,35.430353,6.0
JR横須賀線,東戸塚駅,横浜市旭区,1K,20.14597014925373,46716.41791044776,55.5,67.0,139.556794,35.430353,5.0
JR横須賀線,東戸塚駅,横浜市泉区,1K,16.19818664094526,34411.14058355438,45.0,4147.0,139.556794,35.430353,3.0
JR横須賀線,東戸塚駅,横浜市港南区,1K,20.330105263157893,51684.21052631579,21.0,95.0,139.556794,35.430353,5.0
京浜急行本線,横浜駅,横浜市神奈川区,1K,21.77782608695652,56956.52173913043,14.608695652173912,23.0,139.623055,35.466066,6.0
京浜急行本線,横浜駅,横浜市西区,1K,22.768,83060.0,12.0,5.0,139.623055,35.466066,8.0
JR鶴見線,国道駅,横浜市鶴見区,1K,22.188441486411538,63899.057127010536,11.429290106204583,1803.0,139.675599,35.50083,6.0
JR鶴見線,安善駅,横浜市鶴見区,1K,20.523260869565217,63405.79710144927,11.869565217391305,138.0,139.700663,35.499668,6.0
JR鶴見線,弁天橋駅,横浜市鶴見区,1K,21.45614349775785,65784.7533632287,11.309417040358744,223.0,139.689451,35.495758,7.0
JR鶴見線,武蔵白石駅,横浜市鶴見区,1K,24.320000000000004,57777.77777777778,14.666666666666666,9.0,139.706513,35.501912,6.0
JR鶴見線,浅野駅,横浜市鶴見区,1K,31.840658373430347,69866.21288581152,10.999765285764582,8521.0,139.695739,35.497555,7.0
JR鶴見線,鶴見小野駅,横浜市鶴見区,1K,22.005927601809958,65339.3665158371,9.809954751131222,442.0,139.681226,35.497005,7.0
JR鶴見線,鶴見駅,横浜市鶴見区,1K,21.451069182389936,61289.30817610063,10.131313131313131,318.0,139.67614,35.508387,6.0
